{"timestep":0,"data":[{"index":0,"pos":{"x":-123.76000213623,"y":1.20000004768372,"z":76.5500030517578},"rotation":{"x":0.0,"y":207.80712890625,"z":0.0},"radius":9.0}]}